CustomerID,ShipName,ShipCity,ShipRegion,ShipCountry,ShipAddress,ShipPostalCode
TSPTT,Tspaiâ Ttchaczt,Munich,Western Europe,Germany,349 North Sabine Pass Road,80007
INSRI,Insaben Riegu,Munich,Western Europe,Germany,1102 Spy Glass Drive,40207
ICHRE,Ichter Remilf,Copenhague,Scandinavia,Denmark,2362 Acushnet Avenue,37211
ENSIN,Ensgefing Inchide,Oslo,Scandinavia,Norway,3528 Seasons Drive,73160
NECNI,Nech Nirs,Amsterdam,Western Europe,Netherlands,1930 Churchview Court,85306
UNTHI,Untwaer Hisã¤nch,Helsinki,Scandinavia,Finland,814 Miner Road,94708
Ã€BNO,Ã€berreben Notse,Stockholm,Scandinavia,Sweden,5605 North Terry Avenue,94536
IPGRE,Ipger Relt,Munich,Western Europe,Germany,10307 Rock Falls Court,40210
RANHO,Ranetbangene Honnt,Frankfurt,Western Europe,Germany,158 Euclid Avenue,72703
HILSE,Hildings Sehim,Copenhague,Scandinavia,Denmark,10819 Bluegrass Parkway,20032
PRENE,Pretdtuiãÿsl Nete,Frankfurt,Western Europe,Germany,23622 Greatland Drive,80004
AETLI,Aetgewang Ligen,Stockholm,Scandinavia,Sweden,1532 Milvia Street,72701
URWNI,Urweens Nichtig,Stockholm,Scandinavia,Sweden,6521 North 65th Avenue,80002
MEIZU,Meiãÿ Zutom,Berlin,Western Europe,Germany,204 North Holt Street,05001
AHSFH,Ahser Fhã¶te,Stockholm,Scandinavia,Sweden,1011 San Jose Street,20020
UNGNO,Ungegesent Nordtanszc¤c,Vienna,Western Europe,Austria,597 East Miracle Drive,06040
IHCRU,Ihchroãÿte Rugamen,Helsinki,Scandinavia,Finland,9200 Gainswood Circle,21054
NIMNE,Nimcnen Nerdteag,Helsinki,Scandinavia,Finland,9223 Elgin Circle,05860
ERTLI,Erttam Ligen,Vienna,Western Europe,Austria,8142 Mallard Shore Drive,73139
BESUN,Besteinige Unrogenten,Oslo,Scandinavia,Norway,2732 Humboldt Avenue,05701
SOMNE,Soml Nerdems,Amsterdam,Western Europe,Netherlands,1817 Beech Street,40059
URMNO,Urmeilslã¼hi Noeseufscher,Stockholm,Scandinavia,Sweden,3620 Bentfield Drive,32409
RAFER,Rafe Erlangugung,Stockholm,Scandinavia,Sweden,3208 Southwest 65th Street,20002
RACHA,Rachter Hasstam,Oslo,Scandinavia,Norway,4924 West 65th Avenue,99577
UGEIU,Ugengogen Iuden,Stockholm,Scandinavia,Sweden,2685 California Street,72701
EUWRR,Euworve Rriuusich,Berlin,Western Europe,Germany,234 East Beach Drive,32401
UMINC,Umin Nchã¤hen,Helsinki,Scandinavia,Finland,1679 Frederick Michael Way,32405
NEHNI,Nehlchtacht Niokert,Stockholm,Scandinavia,Sweden,1613 Maple Timber Court,06040
RENMO,Renden Motte,Oslo,Scandinavia,Norway,6988 West Blackhawk Drive,31405
NERIR,Neru Irde,Amsterdam,Western Europe,Netherlands,1761 Thousand Oaks Boulevard,36117
REURU,Reunen Rurelerigiel,Vienna,Western Europe,Austria,619 Colusa Avenue,32404
NEISO,Neichtarz Sottene,Vienna,Western Europe,Austria,6718 Keithley Road,36116
RARLL,Rarligen Llacmen,Berlin,Western Europe,Germany,1607 Louisiana Avenue,85310
WENIR,Wenden Irch,Stockholm,Scandinavia,Sweden,3782 North Front Street,01069
RUGHO,Rugamen Hotese,Copenhague,Scandinavia,Denmark,136 Acacia Drive,40299
UUDHA,Uudbagr Hagnse,Amsterdam,Western Europe,Netherlands,8614 Surf Drive,31401
CUEUR,Cuezwerr Urtã¤the,Vienna,Western Europe,Austria,1363 Dean Forest Road,01841
REBUN,Rebsitleãÿt Unfetlew,Munich,Western Europe,Germany,1515 Chandlee Avenue,02169
RASUI,Rase Uider,Copenhague,Scandinavia,Denmark,3808 Richland Avenue,85308
NECAN,Nech Angã¼htim,Oslo,Scandinavia,Norway,1014 South 2nd Street,80002
MEISÃ,Meichich Sã¼lesbage,Stockholm,Scandinavia,Sweden,125 Heritage Way,80016
MÃ¶ET,Mã¶n Etrã¼hh,Frankfurt,Western Europe,Germany,75 Calfoster Drive,37013
PANLE,Pansubwillen Leit,Munich,Western Europe,Germany,7030 Cotton Blossom Lane,31404
CHTRÃ,Chthech Rã¼rtichte,Munich,Western Europe,Germany,1124 Jacobs Court,40258
ONGBE,Ongesorlen Besterd,Stockholm,Scandinavia,Sweden,1816 U Place Southeast,85303
INKAH,Inkerse Ahser,Vienna,Western Europe,Austria,450 C Street,40291
NEITW,Neiftuiãÿ Twã¶hlnã¤st,Amsterdam,Western Europe,Netherlands,5 Little Deer Road,06040
RECAU,Rech Auzhuge,Oslo,Scandinavia,Norway,4207 Ranch Drive,72703
ARSRI,Arss Rislen,Stockholm,Scandinavia,Sweden,1156 Greenhill Road,80005
UNFLÃ,Unfube Lã¤nfensuun,Munich,Western Europe,Germany,5 Hibiscus Avenue,01440
GESIN,Gesum Inchide,Helsinki,Scandinavia,Finland,1708 Melody Drive,05443
MIITÃ,Miich Tã¤tten,Stockholm,Scandinavia,Sweden,1328 Tuckerman Street Northwest,40299
NAINO,Naimes Nochsdaingen,Helsinki,Scandinavia,Finland,5788 Cane Ridge Road,40211
RELIT,Relt Itnerse,Munich,Western Europe,Germany,800 Quacco Road,31419
RAIUB,Raiten Ubirten,Frankfurt,Western Europe,Germany,623 Rhode Island Avenue Northwest,01902
IROTI,Iroltlã¼rze Ticht,Stockholm,Scandinavia,Sweden,222 Rockcrest Way,99517
FREÃ¼,Freif Ã¼pbere,Stockholm,Scandinavia,Sweden,2008 Aberdeen Drive,40207
NUENE,Nuewehleurtb Neichtarz,Copenhague,Scandinavia,Denmark,549 Elysian Fields Road,05602
ICHRE,Icheischer Remilf,Frankfurt,Western Europe,Germany,8513 Pipit Court,31401
NALBE,Nalten Bemã¤ngt,Frankfurt,Western Europe,Germany,405 Flint Ridge Court,94577
IIMPN,Iimort Pnats,Helsinki,Scandinavia,Finland,16020 North 69th Avenue,05478
BUÃRU,Buãÿ Rubeste,Oslo,Scandinavia,Norway,173 Spruce Street,80004
RISRE,Riszer Rehe,Berlin,Western Europe,Germany,2622 Martin Luther King Junior Boulevard,06340
UXUÃ¼,Uxudilensune Ã¼cbooas,Copenhague,Scandinavia,Denmark,632 North Pine Street,93662
RABUR,Rabart Urtã¤the,Berlin,Western Europe,Germany,135 Pond Road,20012
RITUS,Ritit Uschiren,Frankfurt,Western Europe,Germany,18117 Muldrow Street,99501
BÃ¶ZT,Bã¶nere Ztcher,Oslo,Scandinavia,Norway,1030 Shawnee Street,72701
LLANÃ,Llacmen Nã¼htfe,Berlin,Western Europe,Germany,6413 Kendall Street,80004
FASNU,Fasze Nuteb,Oslo,Scandinavia,Norway,6366 West Aurora Drive,94577
FRASO,Frang Sottene,Helsinki,Scandinavia,Finland,2139 Glynnwood Drive,01960
ERNTE,Ernã¼gig Teis,Vienna,Western Europe,Austria,6522 Harlan Street,05046
MÃ¶CS,Mã¶n Csrelten,Frankfurt,Western Europe,Germany,2115 Northwest 22nd Street,01035
LIENU,Liede Nurtungen,Stockholm,Scandinavia,Sweden,1408 Holly Street,32401
NETHÃ,Netde Hã¼tte,Vienna,Western Europe,Austria,9360 Hester Beasley Road,94536
RIFUR,Rifeã¼nige Urshugen,Oslo,Scandinavia,Norway,1001 6th Street Northwest,31419
NEÃIR,Neãÿ Irhe,Berlin,Western Europe,Germany,8800 Cordell Circle,37209
ULLOL,Ullerã¤bich Olsatelens,Vienna,Western Europe,Austria,713 East 32nd Street,20020
USGFÃ,Usgigtig Fã¼tt,Frankfurt,Western Europe,Germany,1744 Shoreham Drive,85303
RAFUN,Rafl Unersigen,Berlin,Western Europe,Germany,1314 89th Avenue,93304
NOBRO,Nobole Rogst,Vienna,Western Europe,Austria,2426 East Onyx Trail,20011
MOTGE,Motte Gesum,Berlin,Western Europe,Germany,612 E Street,02301
RITNA,Ritn Nanl,Amsterdam,Western Europe,Netherlands,8188 Poinsett Terrace,80005
RUDPL,Rudanet Ploafen,Oslo,Scandinavia,Norway,12039 West 85th Drive,72701
RUNGE,Runselm Geguiden,Vienna,Western Europe,Austria,223 Main Street,20001
DENRE,Dentde Renn,Stockholm,Scandinavia,Sweden,2320 Northwest 113th Place,31404
NEHRM,Nehlchtacht Rmoge,Amsterdam,Western Europe,Netherlands,900 Dupont Road,80004
INGUN,Ingufrisun Unzomntkã¤rt,Munich,Western Europe,Germany,323 Randolph Street,40204
Ã¤RRE,Ã¤rlegens Rebbeichen,Berlin,Western Europe,Germany,5680 Eddins Road,72701
URNPI,Urnschlich Pidenã¼chige,Berlin,Western Europe,Germany,325 East 7th Street,94501
NOERA,Noel Ranhã¤ssse,Oslo,Scandinavia,Norway,1332 Maple Street,37221
RENUC,Renzang Uchhah,Oslo,Scandinavia,Norway,3164 West Woodfield Way,80004
ERWUR,Erwange Urpelt,Amsterdam,Western Europe,Netherlands,6214 Herzog Street,02062
UNZUN,Unzomntkã¤rt Ungesilf,Munich,Western Europe,Germany,3298 Chestnut Street Northwest,40218
IUFRA,Iufru Ranhã¤ssse,Copenhague,Scandinavia,Denmark,3 Mad Anthony Lane,37207
TUGLA,Tuget Lahnt,Stockholm,Scandinavia,Sweden,711 Parker Street,05446
TERHE,Termach Henzen,Munich,Western Europe,Germany,190 Countryside Drive,05446
REHNA,Rehtiãÿeiche Nasge,Amsterdam,Western Europe,Netherlands,5157 West Kerry Lane,37013
REUET,Reunen Etrã¼hh,Helsinki,Scandinavia,Finland,145 Grau Drive,05301
RRERI,Rreãÿen Richte,Helsinki,Scandinavia,Finland,2278 North Windswept Lane,21032
HBAPH,Hbaic Phã¼ten,Vienna,Western Europe,Austria,8597 Bay Road,37206
HANLU,Hanmbigen Lufhungen,Stockholm,Scandinavia,Sweden,63 Summit Street,32408
TRAUP,Tratre Upgenrend,Copenhague,Scandinavia,Denmark,2765 North Barcelona Avenue,80002
BERBE,Berakel Beschã¤hhich,Vienna,Western Europe,Austria,5725 Medallion Court,37211
UNGLE,Ungoete Lende,Berlin,Western Europe,Germany,625 West Main Street,40220
URSNU,Urshugen Nuewehleurtb,Munich,Western Europe,Germany,829 Main Street,30701
NEIRA,Neinem Rageneb,Munich,Western Europe,Germany,265 Airport Road,31415
RENIH,Renzang Ihlen,Vienna,Western Europe,Austria,4 Marsh Haven Lane,99502
LEIPU,Leigerusug Punch,Copenhague,Scandinavia,Denmark,3142 North Warwick Drive,81004
HURMÃ,Hurems Mã¶n,Munich,Western Europe,Germany,615 Q Street Northwest,32413
UNTHE,Untiãÿte Henme,Vienna,Western Europe,Austria,819 Beazer Lane,73173
RIEUN,Rienr Ungehaufente,Helsinki,Scandinavia,Finland,305 Becket Avenue,20778
NEIER,Neifpe Ertanlen,Vienna,Western Europe,Austria,1238 Roanwood Way,80302
ERNPN,Ernã¼gig Pnats,Helsinki,Scandinavia,Finland,3642 Chatsworth Road,95073
NÃ¤UN,Nã¤lt Untilcheliak,Munich,Western Europe,Germany,23501 Ida Lane,85308
TUTSI,Tutze Sichhamter,Helsinki,Scandinavia,Finland,2040 Innes Circle,20017
KERTI,Kerslinche Tiãÿ,Copenhague,Scandinavia,Denmark,406 North Hammonds Ferry Road,02035
LEIÃ¼,Leichtich Ã¼ÿertig,Vienna,Western Europe,Austria,34 Harris Street,32408
UNGBÃ,Ungrichzisg Bã¼rlten,Berlin,Western Europe,Germany,3100 Gentilly Court,40210
NIMIN,Nimcnen Inkerse,Munich,Western Europe,Germany,3014 R Street Northwest,72701
CHTRU,Chthech Ruchslã¤misz,Helsinki,Scandinavia,Finland,5628 West Tonopah Drive,37209
NAUHO,Naug Honnt,Oslo,Scandinavia,Norway,61 Cubles Drive,01501
MEIFE,Meinte Feinden,Berlin,Western Europe,Germany,1160 North College Avenue,31404
RUGNE,Rughelen Nensse,Oslo,Scandinavia,Norway,8409 Gullane Court,73401
NRARE,Nragen Rensettiss,Amsterdam,Western Europe,Netherlands,1267 Martin Street,40204
TRRIN,Trrichem Indehig,Frankfurt,Western Europe,Germany,535 Saddlewood Lane,95966
BESRW,Beschã¼te Rwilde,Berlin,Western Europe,Germany,1313 Southwest 14th Street,73114
TETIN,Tetrich Indehig,Copenhague,Scandinavia,Denmark,1992 West Street,72703
TICIH,Tichs Ihniugichure,Munich,Western Europe,Germany,4971 Janet Court,01370
KELNE,Kelrâ Nerde,Frankfurt,Western Europe,Germany,161 Creek Road,01876
TÃ¤RR,Tã¤grua Rreide,Copenhague,Scandinavia,Denmark,228 East Huntingdon Street,73159
RENRI,Renden Richnnppi,Munich,Western Europe,Germany,3504 Mount View Ridge Drive,40229
NRALI,Nragend Ligen,Stockholm,Scandinavia,Sweden,111 Lakeview Terrace,02420
WENNE,Wenden Nees,Helsinki,Scandinavia,Finland,1816 U Place Southeast,02332
NERGE,Nerser Gesum,Helsinki,Scandinavia,Finland,2100 North Leverett Avenue,20007
RENHE,Rent Heiden,Frankfurt,Western Europe,Germany,2552 Massachusetts Avenue Northwest,02343
NULLA,Nult Lachte,Amsterdam,Western Europe,Netherlands,2 Ellenwood Street,99503
LEIET,Leichtich Etfett,Berlin,Western Europe,Germany,6604 Northwest 130th Street,72704
PUNBÃ,Punch Bã¤rriche,Berlin,Western Europe,Germany,1460 Berger Street,40214
HEIIP,Heinter Ipgene,Copenhague,Scandinavia,Denmark,10749 West Kaler Drive,99502
ERTIB,Ertanlen Iberswepf,Frankfurt,Western Europe,Germany,122 40th Avenue North,36104
NEIHE,Neiz Henme,Berlin,Western Europe,Germany,10725 Sunset Boulevard,06040
LÃ¶CA,Lã¶re Cagleche,Vienna,Western Europe,Austria,7804 Abercorn Street,80004
HRARA,Hranke Raiten,Berlin,Western Europe,Germany,2713 Mitscher Road,36109
REGAE,Regemm Aetgewang,Copenhague,Scandinavia,Denmark,205 Homestead Street,05701
NUHIL,Nuhrich Ilten,Munich,Western Europe,Germany,397 North Main Street,20010
Ã¤FRE,Ã¤fbugzem Reasen,Oslo,Scandinavia,Norway,3 Hawser Way,01085
NCHUT,Nchã¤hen Utzigene,Copenhague,Scandinavia,Denmark,3323 Summerhill Drive,06040
AMSNE,Amsralicge Neiie,Munich,Western Europe,Germany,3623 Chateau Lane,99507
RAGNÃ,Ragen Nã¤rlfemf,Berlin,Western Europe,Germany,1347 Blackwalnut Court,80631
UTZHU,Utzigene Husl,Stockholm,Scandinavia,Sweden,112 Mallard Drive,72703
HEIIH,Heikmeih Ihniugichure,Copenhague,Scandinavia,Denmark,6391 West 60th Avenue,95060
ROLNO,Rolt Nochtiãÿende,Berlin,Western Europe,Germany,1430 East Audubon Road,37204
FAHIN,Fahf Inse,Copenhague,Scandinavia,Denmark,2544 Worthington Way,06040
TIATU,Tiagwei Tuwen,Oslo,Scandinavia,Norway,3164 West Woodfield Way,37013
LEITI,Leinte Tilhun,Berlin,Western Europe,Germany,7720 Allison Street,21113
ERHUN,Erhibe Undide,Berlin,Western Europe,Germany,1918 Spruce Street,01031
BACLA,Bachtund Lafde,Munich,Western Europe,Germany,234 East Beach Drive,31411
OOIID,Ooise Idoolify,Miami,North America,USA,2035 Ninth Street,94539
INUAM,Inus Ampearas,London,British Islands,UK,6408 Fern Crest Road,32407
EOCEX,Eock Excrated,Cork,British Islands,Ireland,111 20th Street,06040
ANPAG,Anpsemoet Agsfeing,New York,North America,USA,46 Apel Place,73170
AGTAL,Agterde Alviuge,New York,North America,USA,15238 North 65th Avenue,93546
LEMON,Lemiry Ondind,Boston,North America,USA,1809 Cedar Drive,73119
INCEN,Incul Enacut,Dublin,British Islands,Ireland,1256 Talbert Street Southeast,06040
EFCEC,Efcuem Eccasionloll,Cork,British Islands,Ireland,625 West Main Street,80002
EXCIC,Exclines Iching,Manchester,British Islands,UK,1771 Daisey Court,40059
ANKAM,Anked Ampeered,Boston,North America,USA,2613 Southeast 50th Street,85302
INVAG,Invos Agverelaly,Boston,North America,USA,1915 Dean Forest Road,20011
OBAOR,Obals Ordowy,Miami,North America,USA,409 Snook Lane,06040
YELER,Yelfet Ergawn,Manchester,British Islands,UK,212 Burk Way,93662
ODCOS,Odcolded Osier,New York,North America,USA,4409 Star Jasmine Court,05764
IGHIN,Ighayed Invos,Boston,North America,USA,3620 Colmar Drive,06042
EARAC,Ears Achected,Liverpool,British Islands,UK,7057 Old Southwick Place,80005
EDGEN,Edgortting Entere,Boston,North America,USA,2505 Southwest 43rd Street,31405
AFSAX,Afserted Axovafe,Liverpool,British Islands,UK,106 Camelot Drive,36116
EXTIN,Extect Interated,Manchester,British Islands,UK,4607 Artelia Drive,81611
EJCEX,Ejcaves Exchabe,Boston,North America,USA,5707 Higdon Road,40202
EXAEC,Exadnysing Ecape,Boston,North America,USA,185 Longview Road,99502
UNQEO,Unqueculy Eosofely,Miami,North America,USA,1405 Monroe Street Northeast,31410
ATHAN,Athear Anked,Cork,British Islands,Ireland,244 La Normandy Drive,05401
ENJEY,Enjurardy Eyipe,New York,North America,USA,1842 West Park Place,36116
ARPIP,Arpor Ippne,Miami,North America,USA,2203 West 24th Street,85306
IIGAN,Iighat Anfeises,Boston,North America,USA,9030 Pennington PIace,37013
ONTAD,Ontolaedfe Adsated,London,British Islands,UK,25 Morton Street,93230
ONDRY,Ondind Ryaller,Liverpool,British Islands,UK,19 Euston Street,21037
ARTIG,Arteated Igtepantly,Liverpool,British Islands,UK,7 Underwood Place Northwest,80004
IDSOD,Idseras Odcolded,Manchester,British Islands,UK,4540 Phyllis Court,31408
ONDEX,Ondind Expsameseps,Dublin,British Islands,Ireland,3147 West Old Farmington Road,32407
ORDOC,Orders Ocdasilligy,Boston,North America,USA,1340 5th Street Northwest,31410
IFFAY,Iffolcalatel Ayig,Manchester,British Islands,UK,143 Canton Court,99502
EXWLE,Exwreapenent Leadand,Miami,North America,USA,228 Central Street,85305
ANCLA,Ancwasing Larirly,Miami,North America,USA,9036 Calico Court,80003
ORGIN,Orgoyd Inus,Boston,North America,USA,8726 Downey Road,85308
OSEON,Osetumed Ones,Cork,British Islands,Ireland,313 Monroe Street,20724
AWERE,Aweris Repi,Boston,North America,USA,8757 Lamar Circle,32401
RULEX,Rulsled Exder,Miami,North America,USA,2 Thompson Road,06042
ENGEN,Englases Enavily,Dublin,British Islands,Ireland,35 Leominster Road,36117
UVEEX,Uvery Exense,Manchester,British Islands,UK,2008 North Shannon Drive,21401
ILAIF,Ilam Ifflasion,New York,North America,USA,6069 Jay Street,37013
IPPIL,Ippore Ilrw,Boston,North America,USA,1008 Rhode Island Avenue Northwest,73120
AMFIL,Amfatetaed Ilred,New York,North America,USA,66 Troy Avenue,85301
EACEL,Eacred Elmand,New York,North America,USA,7804 Abercorn Street,93638
REAOS,Reaase Osupairaurly,New York,North America,USA,123 Remember Baker Lane,80002
ESCOC,Escasted Ocpumafe,New York,North America,USA,104 White Street,40299
ISSAL,Issaset Ales,Cork,British Islands,Ireland,5813 Hammermill Loop,40218
INSAT,Insincily Atched,London,British Islands,UK,21402 Caribbean Lane,99501
ENRAG,Enribn Agded,London,British Islands,UK,2636 Knollwood Drive,95757
EXAOP,Examise Opgacion,London,British Islands,UK,2917 Danzig Place,31322
ENAOS,Enavily Ostecs,Boston,North America,USA,824 Main Street,99508
RINEN,Rinded Enoube,Miami,North America,USA,227 West Montgomery Cross Road,73112
REAEN,Reaase Entere,Dublin,British Islands,Ireland,23501 Ida Lane,94539
OGHIA,Oghes Iathly,Cork,British Islands,Ireland,10124 Watsonville Road,40229
IVEEN,Ives Envineding,London,British Islands,UK,1505 Sweet Bay Trail,20011
ALARL,Alaody Rleade,Boston,North America,USA,1163 Rosedale Drive,95076
EERIG,Eertole Igcooretaly,Cork,British Islands,Ireland,4717 Forest Hills Drive,31419
OLREX,Olrice Expelitedy,New York,North America,USA,1313 Southwest 115th Place,32408
OSAIP,Osanes Ippne,Liverpool,British Islands,UK,2375 Palm Lake Drive,85205
ROMIL,Romches Ilrw,New York,North America,USA,327 Fairway Boulevard,72703
UMIOF,Umiorally Ofser,New York,North America,USA,118 Pearl Street,99503
UNCIN,Uncemy Ingurptibion,Miami,North America,USA,3616 Echo Lane,94546
ENSIB,Ensraice Ibed,Cork,British Islands,Ireland,31 Ashworth Street,99507
ENGOO,Enging Ooise,New York,North America,USA,1606 Trevilian Way,85308
OSCOS,Oscave Oschititilel,Boston,North America,USA,8150 North 61st Avenue,80002
EMCEN,Emclandiod Envess,Boston,North America,USA,646 Clinton Street,85301
ESERE,Eseleds Resorpite,Miami,North America,USA,6789 West 70th Avenue,95060
EXCAG,Exclatisionl Agsi,New York,North America,USA,12420 West Montebello Avenue,85306
OCCRO,Occramapin Romches,Manchester,British Islands,UK,201 East 9th Avenue,80002
EICEX,Eicnes Exbes,Manchester,British Islands,UK,1011 San Jose Street,80301
IWEAN,Iwertuute Andy,Liverpool,British Islands,UK,6657 West Rose Garden Lane,06040
INIAO,Iniel Aothen,New York,North America,USA,1361 Barret Park Way,73130
EVEIS,Evessilily Ischion,New York,North America,USA,4600 East Huntsville Road,21060
ERAOS,Eratafed Osier,Miami,North America,USA,750 West Dimond Boulevard,80004
ERAON,Eratafed Onustt,Dublin,British Islands,Ireland,4438 Maine Avenue,94501
INDIY,Indart Iying,Liverpool,British Islands,UK,6622 West Altadena Avenue,40218
ORREN,Orratery Engs,New York,North America,USA,618 Staley Avenue,21122
INCAV,Incul Avferded,Boston,North America,USA,376 North Williams Drive,99507
ENIAP,Enifirg Appre,Boston,North America,USA,537 East Waldburg Street,99508
IASAA,Iashute Aarre,Boston,North America,USA,4296 North Blossom Court,94545
RAROI,Rardsores Oiudd,New York,North America,USA,38 Devon Drive,05442
AMYAT,Amyigaly Atpeuming,Dublin,British Islands,Ireland,3449 Rockway Avenue,37218
ARTAM,Artweed Amplice,Liverpool,British Islands,UK,1417 Stoneykirk Road,37211
EFCER,Efcuem Erpoction,London,British Islands,UK,6116 West Charter Oak Road,33954
ANLOC,Anlefs Ocpumafe,New York,North America,USA,208 Towne Lake Way,99507
UUSUR,Uusoe Urless,Dublin,British Islands,Ireland,1011 San Jose Street,94577
OLLRI,Olleare Riuk,New York,North America,USA,4032 Windwood Lane,36117
AXREA,Axrited Ears,Dublin,British Islands,Ireland,457 Mountain Village Boulevard,37214
IDELE,Idesaaty Lets,New York,North America,USA,1215 Joseph Avenue,31419
ANKIN,Ankimice Inte,Cork,British Islands,Ireland,1501 New Hampshire Avenue,80439
AFSEM,Afser Emecuoteing,Dublin,British Islands,Ireland,2201 Ontario Road Northwest,02717
RIUAX,Riuk Axples,Cork,British Islands,Ireland,3001 Spyglass Hill Road,01803
EXAOB,Exaiding Obmowf,Miami,North America,USA,404 Summit Oaks Drive,40299
UCLEX,Ucline Exgaaclion,New York,North America,USA,131 Kent Drive,99507
UNNEX,Unnewforar Expelitedy,Liverpool,British Islands,UK,5707 Higdon Road,85301
YISYE,Yishs Yelfet,New York,North America,USA,25 Morton Street,21403
ULRER,Ulres Erouge,Boston,North America,USA,127 Andover Drive,21122
EDGIO,Edgortting Iothenm,New York,North America,USA,72 Milford Road,32408
OXLIV,Oxlearfy Ives,Miami,North America,USA,3620 Bentfield Drive,80004
ROUAU,Roucwhed Aussed,Boston,North America,USA,217 Northeast 1st Street,80005
ORDIX,Ordowd Ixion,Manchester,British Islands,UK,1627 Connecticut Avenue Northwest,20724
ODAAL,Odaln Aloaay,Dublin,British Islands,Ireland,1004 Bellflower Street,21061
IGFEX,Igfivionausy Exqheabe,London,British Islands,UK,2237 Northwest 18th Street,73401
OOTAO,Ootasily Aove,Manchester,British Islands,UK,38676 Greenwich Circle,06040
AXPAB,Axpaed Abefals,Cork,British Islands,Ireland,7810 Spring Farm Pointe Place,36106
INIER,Iniel Ersied,Manchester,British Islands,UK,653 Stratton Arlington Road,21037
ERSEE,Ersied Eeling,Manchester,British Islands,UK,5701 East Shirley Lane,37211
AXPEX,Axpited Expelitedy,New York,North America,USA,112 Aquinnah Drive,06040
UNRAB,Unriors Abefals,Liverpool,British Islands,UK,2803 6th Street Northeast,05446
ENVAN,Enveated Ange,New York,North America,USA,7 South University Avenue,21037
INIEN,Inishobes Entunsed,London,British Islands,UK,12 Knox Street,95062
ENIUU,Enifirg Uusily,Dublin,British Islands,Ireland,122 Coral Drive,05763
ASTAD,Asty Aderviedhy,Dublin,British Islands,Ireland,70 Valley Road,32408
ENLIT,Enlows Ithered,London,British Islands,UK,717 Joseph Avenue,80005
ENGRE,Enging Reaase,Cork,British Islands,Ireland,12546 West Montebello Avenue,99518
EELUN,Eelings Unriors,Boston,North America,USA,1430 East Audubon Road,73034
IGIAR,Igitremous Arxemting,London,British Islands,UK,5 Westlund Avenue,06040
UKEAD,Ukerally Adaures,Cork,British Islands,Ireland,50 Winthrop Avenue,32409
EXTEA,Extlend Eanny,Boston,North America,USA,468 Raymond Drive,31405
ANLIN,Anlefs Inyetfar,Cork,British Islands,Ireland,1819 Q Street Southeast,85201
OBROL,Obride Olrice,Liverpool,British Islands,UK,115 Home Avenue,37214
IGHUR,Igherer Urdy,New York,North America,USA,1612 Whitemarsh Way,80005
AIGEX,Aigilals Exprires,Boston,North America,USA,88 Shute Street,85301
UNQIG,Unqeeesse Ighecutely,Dublin,British Islands,Ireland,8752 Pierce Way,02535
EVAAX,Evaineleds Axpaed,New York,North America,USA,55 Sunrise Avenue,36108
IPPAI,Ippeminution Aigilals,Manchester,British Islands,UK,422 C Street Northeast,94538
UNSON,Unsrlased Onnweine,Boston,North America,USA,121 Alpine Way,32405
ENAEA,Enas Eateate,Manchester,British Islands,UK,4 Chamois Court,80005
INTLI,Intametory Linly,Dublin,British Islands,Ireland,3098 Vermont 122,21037
ONGER,Ongevting Erod,Boston,North America,USA,3541 North Road,36108
EFCIB,Efcuem Ibnicile,Miami,North America,USA,1736 81st Avenue,05079
ATPOC,Atpife Ocqheibile,Dublin,British Islands,Ireland,406 East Waldburg Street,73139
INEER,Ines Errow,London,British Islands,UK,826 South Hancock Street,94704
EELEK,Eelites Ekge,Liverpool,British Islands,UK,77 Shadow Brook Estates,06040
YLERI,Ylenufhed Riseed,Miami,North America,USA,1528 Stafford Avenue,36109
REERO,Reepauge Ropplaling,New York,North America,USA,915 Heath Drive,20017
IWEOX,Iwertuute Oxoctt,Manchester,British Islands,UK,201 West Street,32438
AMFOX,Amfatetaed Oximfodmales,Boston,North America,USA,433 Keith Street,06040
ESCOE,Escoyled Oetles,Dublin,British Islands,Ireland,6100 Bullard Drive,33573
EICIL,Eicnes Ilceed,New York,North America,USA,9 Montello Street,72730
URGAR,Urgumtion Arpuidly,New York,North America,USA,3623 Chateau Lane,37216
OXLUF,Oxlearfy Ufperice,Manchester,British Islands,UK,325 Alexander Drive,20002
ENGER,Engesf Erpunas,New York,North America,USA,1606 Trevilian Way,31405
AMPOE,Ampier Oetles,Cork,British Islands,Ireland,8507 Lorento Street,72701
AVFEA,Avferded Earses,Boston,North America,USA,457 Mountain Village Boulevard,31415
RUSEA,Rustiuusle Eacred,Dublin,British Islands,Ireland,1429 Harrison Avenue,80003
ONEIX,Oneting Ixpowibe,London,British Islands,UK,6950 Reno Drive,05488
IIGEV,Iighat Everopabe,New York,North America,USA,1642 Fendall Court,99518
INGEX,Ingeroted Excrated,Liverpool,British Islands,UK,8423 Pioneer Drive,06040
ONMEC,Onmersing Ecustacolly,Manchester,British Islands,UK,4010 Governors Drive,72704
RINOD,Rine Oddoamasy,Dublin,British Islands,Ireland,102 Derondo Street,72701
REEIL,Reepauge Ilyn,Liverpool,British Islands,UK,11 Adams Street,20024
ERDLA,Erdigked Land,Liverpool,British Islands,UK,1699 Chatham Parkway,91706
UNSEN,Unsrlased Encie,Manchester,British Islands,UK,1842 West Park Place,81435
INDEX,Indessant Extect,Liverpool,British Islands,UK,13628 West 62nd Drive,99577
EROEL,Eropisale Elwin,Manchester,British Islands,UK,589 East Main Street,05482
RIUEM,Riuk Emecuoteing,London,British Islands,UK,4594 Champagne Drive,40206
ELLIG,Ellen Igphide,Miami,North America,USA,305 Becket Avenue,32407
EXPOG,Expecinty Oghes,Dublin,British Islands,Ireland,3762 Royalton Turnpike,94703
OPLAG,Oplice Agsi,Miami,North America,USA,104 Greenwood Drive,37221
OPPRI,Oppouatarly Rieged,Cork,British Islands,Ireland,2032 4th Street Northwest,05482
EVIOM,Evicten Omonderlon,Boston,North America,USA,17794 West 77th Lane,06040
IBEEV,Ibed Evaineleds,New York,North America,USA,5708 West Union Hills Drive,72701
ASTON,Astay Onustt,Liverpool,British Islands,UK,232 Maine Avenue,05452
INCIN,Incier Insincily,Cork,British Islands,Ireland,3426 Broadview Street,36117
ODCOM,Odcolded Omerabe,New York,North America,USA,435 Benita Drive,02026
UPALI,Uparped Linly,Liverpool,British Islands,UK,12 17th Place,31401
ANTAM,Antiomhy Ampearas,New York,North America,USA,4493 Heath Circle,73122
RUAUD,Ruast Udles,Boston,North America,USA,7981 Robinson Way,80003
IIGOG,Iighat Oghes,Manchester,British Islands,UK,3404 Lakeside Drive,72703
ILIEN,Iliviorylele Enewiges,London,British Islands,UK,1650 North Sang Avenue,94601
ERPIY,Erpoction Iying,Cork,British Islands,Ireland,4408 Northwest 55th Street,37204
IBCON,Ibches Oncovetowil,Liverpool,British Islands,UK,678 Fairlane Street,96161
ERMEX,Ermooring Exclatisionl,Miami,North America,USA,1211 Rock Creek Trce,73130
ONCEX,Onchite Exdlanetidy,Cork,British Islands,Ireland,10367 West 55th Place,94550
ERDIN,Erdectting Inkite,Cork,British Islands,Ireland,1819 Q Street Southeast,37013
IDEIG,Idesaaty Ighal,London,British Islands,UK,4329 Howe Street,21122
AODEW,Aods Ewerting,New York,North America,USA,2803 6th Street Northeast,20751
IDSIS,Idswesans Ishedelp,Boston,North America,USA,17615 Center Drive,85305
EREID,Ereg Idseras,Miami,North America,USA,12 Red Fox Drive,31404
EXEAF,Exerefale Afser,Cork,British Islands,Ireland,80 Homestead Street,32405
RUSIN,Rustiuusle Inlerantiosl,Manchester,British Islands,UK,132 Tensaw Road,73109
INCEN,Incium Eniotily,London,British Islands,UK,2313 Vegas Avenue,06042
AGCEA,Agcheling Ears,New York,North America,USA,529 Wesley Avenue,85301
APPIB,Appoming Ibed,London,British Islands,UK,7912 Depew Street,31419
ENGAM,Engesf Amyigaly,Miami,North America,USA,103 North East Avenue,80003
OGHAS,Oghets Asimiby,Miami,North America,USA,1528 Spruce Street,01104
IVIIN,Iviwes Incul,New York,North America,USA,21 Longview Bluff Drive East,20002
OGHEN,Oghes Enoube,Cork,British Islands,Ireland,1310 Riggs Street Northwest,31419
IGFED,Igfivionausy Edgonwing,Miami,North America,USA,8467 Chase Drive,31401
ENDEN,Endhecented Encie,Liverpool,British Islands,UK,5856 Parfet Court,37215
UDLAN,Udles Anage,Liverpool,British Islands,UK,2849 Leawood Drive,05446
ENRAR,Enrouded Arnweisuds,Miami,North America,USA,6601 West Ocotillo Road,21144
LARIN,Larirly Inies,New York,North America,USA,2306 Edinburgh Drive,99508
OUEIX,Ouedly Ixgroted,Boston,North America,USA,545 Tracey Drive,73025
UXBRI,Uxbond Rine,New York,North America,USA,743 East 9th Avenue,85301
ONNEF,Onnweine Efpers,New York,North America,USA,322 East Taylor Street,20011
ONGRO,Ongun Rotes,Liverpool,British Islands,UK,809 Blue Ridge Drive,92867
AINER,Aintt Erod,Dublin,British Islands,Ireland,3469 North Par Court,37013
EXDEX,Exder Extlend,Cork,British Islands,Ireland,407 Morse Street Northeast,99577
EICAN,Eicnes Ancheled,New York,North America,USA,417 West Park Place,80634
INCIN,Incuured Intametory,Dublin,British Islands,Ireland,6802 North 67th Avenue,35040
ISCOR,Ischion Orratery,Manchester,British Islands,UK,1811 1st Street Northwest,37218
ORVLI,Orvowe Lisicinm,New York,North America,USA,30451 Servilla Place,73069
OWIUS,Owing Ustreass,Boston,North America,USA,4225 Eatons Creek Road,99507
ONAAR,Onary Arevease,London,British Islands,UK,3607 R Street Northwest,73106
EARLI,Ears Liin,Cork,British Islands,Ireland,6244 Sun River Drive,94552
ENDAP,Endoched Appoming,Liverpool,British Islands,UK,2617 Truffula Circle,80003
OCEER,Ocessaos Erdols,New York,North America,USA,25793 Durrwood Court,80521
ELAAD,Elanes Ades,Dublin,British Islands,Ireland,1244 South 4th Street,73160
YLEOM,Ylenend Ompoyes,Cork,British Islands,Ireland,2685 California Street,02717
IMEAG,Imerielaunly Agefilly,Miami,North America,USA,6013 Cherry Hill Road,20007
EONOR,Eone Orol,New York,North America,USA,7321 East Chester Heights Circle,32401
REMIN,Remanc Inding,Miami,North America,USA,46 Deslauriers Street,80620
INTEX,Inte Expecinty,Manchester,British Islands,UK,7564 Moore Court,31408
ILSOP,Ilss Oplice,Cork,British Islands,Ireland,2024 Merrily Drive,32405
INIAX,Inies Axer,Dublin,British Islands,Ireland,4109 General Bate Drive,02721
ARPAU,Arpor Aurly,New York,North America,USA,312 North Cove Boulevard,80030
ROTEJ,Rotterly Ejcaves,Miami,North America,USA,1817 Southeast 14th Street,21401
UVBEN,Uvbetens Endormer,New York,North America,USA,1313 Southwest 115th Place,32401
NIMNA,Nima Nasuta,Rio de Janeiro,South America,Brazil,35 Lakewood Circle South,95003
APOUN,Apor Unso,Rome,Western Europe,Italy,6990 Pierson Street,36116
NUNAD,Nunci Adalea,Brasilia,South America,Brazil,24 Norman Street,72704
SUIUB,Suida Ubrium,Paris,Western Europe,France,5109 39th Street Northwest,85303
NAOTU,Naomora Tudabant,México D.F.,North America,Mexico,7096 Park Mesa Way,36116
ARINU,Arigice Nuto,Madrid,Western Europe,Spain,8447 West 51st Avenue,73122
UCRON,Ucrum Ontu,Brasilia,South America,Brazil,3111 Gentilly Court,72703
UUMSU,Uumit Susu,Paris,Western Europe,France,27 Leary Drive,40204
REPOR,Repens Orboxerat,Bogota,South America,Colombia,25538 Calaroga Avenue,36117
ARMUN,Armo Unces,Rio de Janeiro,South America,Brazil,109 High Street,40203
INSTR,Insident Trobic,Rome,Western Europe,Italy,1124 Jacobs Court,40206
UNGLA,Ungis Lacet,Brasilia,South America,Brazil,13501 Vasili Drive,05403
NURLE,Nurio Lespersap,Brasilia,South America,Brazil,2927 Martin Luther King Junior Avenue Southeast,21144
OREUN,Ores Unre,México D.F.,North America,Mexico,22207 Quinterno Court,20017
TUCLR,Tucelae Lruxque,México D.F.,North America,Mexico,89 Augusta Drive,72701
UUQSU,Uuque Sulnnt,México D.F.,North America,Mexico,3402 Prestwood Drive,31302
UNDIN,Undem Insident,México D.F.,North America,Mexico,5156 South Dakota Avenue Northeast,73120
UUUUB,Uuuque Ubbebit,México D.F.,North America,Mexico,4960 Paddock Club Drive,94541
ADINU,Adio Nulait,Brasilia,South America,Brazil,6100 Bullard Drive,20016
NULOR,Nulpio Orem,Brasilia,South America,Brazil,228 Wood Street,85308
UNTUM,Unti Umve,Brasilia,South America,Brazil,25 Morton Street,20001
UNBEP,Unbivit Epertion,Rome,Western Europe,Italy,6101 North 60th Avenue,80007
NESAL,Nesserat Alaboros,Rio de Janeiro,South America,Brazil,501 Running Creek Place,36109
UPIUN,Upiadibus Unre,Madrid,Western Europe,Spain,2409 Research Boulevard,06040
NODNA,Nodisore Nadmos,Paris,Western Europe,France,7901 West 52nd Avenue,06040
UMBTI,Umbis Ticis,Rome,Western Europe,Italy,70 Orchard Shore Road,21060
EXIPA,Exigoris Pantaas,Paris,Western Europe,France,137 Gazebo East Drive,85301
DAPUM,Daperibus Umque,Brasilia,South America,Brazil,6941 West 87th Way,99515
EBFUO,Ebfulastoque Uoma,Paris,Western Europe,France,200 Edson Road,40207
SENEB,Senta Ebticabubus,Brasilia,South America,Brazil,9636 Morar Road,06040
AGUEM,Agulat Empervide,Paris,Western Europe,France,4738 Mallard Common,21061
TUPNU,Tupit Numnpa,Paris,Western Europe,France,2147 Millhaven Drive,99577
UMBAL,Umbelnaram Alceror,México D.F.,North America,Mexico,3617 Oak Grove Circle,72701
LONUD,Loncicos Udra,Paris,Western Europe,France,382 Ocean Avenue,05701
OCENA,Oces Naomora,Rio de Janeiro,South America,Brazil,37 Rushforde Drive,20017
URVUN,Urvibunt Unmis,México D.F.,North America,Mexico,5549 West Hearn Road,80004
UGPUG,Ugpoque Ugoreine,Madrid,Western Europe,Spain,5732 Jean Drive,21144
UPIOR,Upiadibus Orbulet,Rio de Janeiro,South America,Brazil,323 Randolph Street,02446
INPUN,Inpitum Unco,Paris,Western Europe,France,816 West 19th Avenue,80007
AMIUN,Amim Unso,Brasilia,South America,Brazil,141 West Leslie Lane,37013
NUDCU,Nuda Cuenas,México D.F.,North America,Mexico,34 Holyoke Road,20003
LITAF,Lituera Afique,Paris,Western Europe,France,4712 Rock Creek Road,80002
ELOPO,Elom Poressereste,Paris,Western Europe,France,10313 Durham Drive,95127
CAMUD,Camhum Udae,Madrid,Western Europe,Spain,210 Green Road,99508
EFOIN,Efoo Ingitior,Rome,Western Europe,Italy,6721 Boundary Run,81006
URAAB,Uraeque Abtadit,Madrid,Western Europe,Spain,11655 West 81st Avenue,02169
OVIUN,Ovima Untis,Paris,Western Europe,France,1 Pond View Road,40299
ELUSI,Elut Sintemque,Brasilia,South America,Brazil,1405 Hickory Avenue,01867
NEPPE,Nepentibuent Perperat,México D.F.,North America,Mexico,460 Woodbridge Street,02139
DONPO,Donore Potat,Bogota,South America,Colombia,1806 Boscobel Street,37210
NORTA,Nortalis Tarueni,Rio de Janeiro,South America,Brazil,12420 West Montebello Avenue,37207
GONAD,Gona Adet,México D.F.,North America,Mexico,20117 Lucas Avenue,20007
ERIAP,Erigigaque Apor,Bogota,South America,Colombia,1761 Thousand Oaks Boulevard,73160
NEVPA,Nevrae Patibis,Paris,Western Europe,France,435 Granite Street,05301
NASEG,Nasuta Egesundife,Paris,Western Europe,France,622 Thomas Street,06042
EBAUE,Ebamant Uemuniasquu,Rome,Western Europe,Italy,197 Oak Street,81004
PERUN,Perdacit Untum,Paris,Western Europe,France,1828 Ridgewick Road,37207
URCAC,Urcidis Acpympumquee,Rio de Janeiro,South America,Brazil,1505 Rosewood Avenue,81501
RIPUS,Riprae Usat,México D.F.,North America,Mexico,707 Pinkston Street,90745
INSNE,Insident Nepentibuent,Madrid,Western Europe,Spain,905 C Street Northeast,99507
INSOC,Insident Ocness,México D.F.,North America,Mexico,28250 Dickens Avenue,85382
PANAA,Pandaitum Aates,México D.F.,North America,Mexico,109 High Street,80005
TENNU,Tenoriaque Nurio,Madrid,Western Europe,Spain,2611 Bluefield Avenue,31407
PLBEX,Plbetasque Exitus,Brasilia,South America,Brazil,7817 Moose Run Circle,99507
EXSOR,Exslecduit Ortra,Paris,Western Europe,France,42 Adams Road,36116
NOTIN,Noturuere Ingitior,Brasilia,South America,Brazil,1456 East 39th Street,93667
LICUT,Licede Utanmis,Madrid,Western Europe,Spain,7060 Eastern Avenue,40219
UTAPA,Utanmis Pantaas,Brasilia,South America,Brazil,4439 Gale Street,32404
URBNA,Urbis Natuit,Bogota,South America,Colombia,357 Chaplin Street Southeast,40241
INCDE,Incinducte Denuidibus,Madrid,Western Europe,Spain,4770 Balboa Way,80005
UGOEX,Ugoreine Extit,Brasilia,South America,Brazil,140 West Cooper Avenue,40217
OFDAC,Ofdusque Acpumina,Rome,Western Europe,Italy,1123 Ardee Avenue,85301
ORTEX,Ortibusque Exditusque,Madrid,Western Europe,Spain,302 East Granada Street,01610
NURTE,Nurtis Tetpit,Bogota,South America,Colombia,3164 West Woodfield Way,05446
NUOPI,Nuom Pitiosse,Madrid,Western Europe,Spain,89 Frances Drive,94587
NEREX,Nerice Exulcat,Madrid,Western Europe,Spain,1420 Turtleback Trail,73142
UMBIN,Umbelnaram Innacius,Rome,Western Europe,Italy,1040 West 27th Avenue,99503
UPEEX,Upervas Exuqueret,Paris,Western Europe,France,6444 North 67th Avenue,01507
ULUAP,Uluit Apirit,Rio de Janeiro,South America,Brazil,7822 Club Crest Drive,37122
USBET,Usbumque Etcemcebili,Brasilia,South America,Brazil,706 Seagrove Road,99502
UBISU,Ubitpa Sunque,Madrid,Western Europe,Spain,1608 Gales Street Northeast,94568
EBTLA,Ebticabubus Latigit,Bogota,South America,Colombia,4305 Willowview Boulevard,01370
TROTE,Trobic Tengemque,Rio de Janeiro,South America,Brazil,2812 Jasper Street Southeast,94536
UNSIA,Unstis Iadicarit,México D.F.,North America,Mexico,1021 Heathfield Circle,73071
LEVIU,Levitur Iulum,México D.F.,North America,Mexico,334 North Cove Boulevard,93313
NRATR,Nrames Trobic,Madrid,Western Europe,Spain,3207 Art Hall Lane,94579
NUGUN,Nugis Unidit,Brasilia,South America,Brazil,2246 West Fairview Avenue,21122
RITPH,Ritaque Phoebia,Rome,Western Europe,Italy,1701 Foster Avenue,01201
EXSUS,Exstrintunt Usnique,Rio de Janeiro,South America,Brazil,143 Canton Court,31401
UOMAM,Uoma Amberno,Madrid,Western Europe,Spain,5556 West Northview Avenue,02726
AGUUN,Agulat Unoree,Madrid,Western Europe,Spain,6754 Field Street,85308
EFPAU,Efpulitsor Aubilit,Paris,Western Europe,France,137 East 53rd Avenue,99515
UNBNI,Unbivit Nivvas,México D.F.,North America,Mexico,66 Pine Street,31419
PAROR,Parmata Orogidustu,Brasilia,South America,Brazil,700 Winston Place,06042
UNGNI,Ungantio Nigpi,Rio de Janeiro,South America,Brazil,801 Dale Road,06042
TONRO,Tonet Ronpas,Madrid,Western Europe,Spain,501 West Maple Street,32413
REBTR,Rebenta Triadenta,Rome,Western Europe,Italy,3100 Don Juan Court,94605
TERRI,Terribus Rixta,México D.F.,North America,Mexico,422 Richmond Street,80004
UNBUM,Unbivit Ummaent,Rio de Janeiro,South America,Brazil,841 Whittier Hill Road,99504
RECPE,Recundentequ Perdacit,Rio de Janeiro,South America,Brazil,4511 43rd Place Northwest,05403
LANNA,Lancenta Nascoru,Madrid,Western Europe,Spain,3827 West Chapman Avenue,06040
UBGRE,Ubgoni Rediceva,Brasilia,South America,Brazil,643 Farragut Street Northwest,73111
RESOL,Resollo Olle,Bogota,South America,Colombia,3302 Woodland Park Drive,20001
EXCTR,Excumidia Trabion,Paris,Western Europe,France,702 East 53rd Street,80004
IALPA,Ialdant Patibis,Rio de Janeiro,South America,Brazil,1983 Reidsville Street,06040
PORLU,Poridument Lumetentia,Bogota,South America,Colombia,4329 Howe Street,85301
QURNO,Quras Nosscora,Madrid,Western Europe,Spain,968 Virginia Avenue,73132
TERUL,Terfitet Ulpo,Rio de Janeiro,South America,Brazil,7060 Eastern Avenue,06040
NUMTU,Numinaves Tuecant,Rio de Janeiro,South America,Brazil,82 Queen Court,85303
ALCAL,Alceror Alitier,Madrid,Western Europe,Spain,15847 West 74th Place,95073
UBBNA,Ubba Nactia,Rome,Western Europe,Italy,2619 North Quality Lane,40211
DICTA,Dicacat Tamit,Bogota,South America,Colombia,1629 South Razorback Road,95666
NUGRI,Nugis Rixta,Rio de Janeiro,South America,Brazil,152 Teddy Drive,72703
NIOUN,Niobuque Unda,Madrid,Western Europe,Spain,23 Columbia Drive,32444
IECOR,Iecua Ornas,Madrid,Western Europe,Spain,627 Emerson Street Northwest,80007
ACPNI,Acpumina Nivosaques,Brasilia,South America,Brazil,266 South J Street,40272
UNTUN,Unto Undus,Bogota,South America,Colombia,1612 Beech Street,20016
POREN,Porbem Enet,Bogota,South America,Colombia,111 Rosemary Street,72703
NUXNU,Nuxurit Nullo,Brasilia,South America,Brazil,308 School Avenue,06042
TENUM,Tenere Umites,Madrid,Western Europe,Spain,971 Zenith Loop,05401
UNCBU,Unco Buxbunt,Brasilia,South America,Brazil,517 Retford Drive,21032
NIGIN,Nigiturque Intort,Brasilia,South America,Brazil,4328 Brewer Road,85340
PITNU,Pitiosse Nubri,Rome,Western Europe,Italy,6606 North 52nd Drive,73104
LATUN,Latbis Unco,Brasilia,South America,Brazil,5470 Atlanta Highway,20012
ORIRE,Oriqua Relia,Paris,Western Europe,France,1761 Thousand Oaks Boulevard,94555
TATNO,Taties Nomcendior,Madrid,Western Europe,Spain,31 Ashworth Street,32404
NLUUT,Nluaex Utiaque,Rio de Janeiro,South America,Brazil,41 Fairway Drive,40210
EFUTE,Efururae Teverit,Brasilia,South America,Brazil,17 Stratfield Avenue,95014
NUSEL,Nusdentur Elom,México D.F.,North America,Mexico,6534 Benton Circle,21122
UMBAM,Umboda Amtia,Bogota,South America,Colombia,2455 Manchester Drive,95692
UNTTE,Unta Tenugat,Bogota,South America,Colombia,11160 Vosikof Place,06040
INGUR,Inglus Urbis,Rio de Janeiro,South America,Brazil,2375 South School Avenue,01851
UNNUR,Unntaque Urbimisse,Brasilia,South America,Brazil,2327 Pomeroy Road Southeast,20017
ETCEM,Etcemcebili Empervide,Brasilia,South America,Brazil,880 H Street,94705
ARTLU,Artes Lugum,Brasilia,South America,Brazil,332 Stafford Road,72703
SINPR,Sintemque Praemvit,Rio de Janeiro,South America,Brazil,3408 Bellisima Place,05440
NUSUB,Nuscatant Ubsorum,Brasilia,South America,Brazil,306 East Lafayette Street,05075
NRODE,Nroxuri Deliueque,Brasilia,South America,Brazil,404 Middle Turnpike West,80005
NULTR,Nulait Triadenta,Rome,Western Europe,Italy,113 Hammarlee Road,20012
LONNE,Loncicos Nevea,Rio de Janeiro,South America,Brazil,3008 Russell Street,20002
TUURI,Tuutur Riugio,Rio de Janeiro,South America,Brazil,15010 North 59th Avenue,36116
UPELE,Upervas Levitur,Rome,Western Europe,Italy,1439 2nd Street,05860
ULIOT,Uliqua Otera,Bogota,South America,Colombia,301 Willow Way,32401
URXAM,Urxote Amno,Madrid,Western Europe,Spain,82 Linnmore Drive,06040
NUSIU,Nuscatant Iulum,Bogota,South America,Colombia,8380 West 67th Avenue,31322
EBFAM,Ebfulastoque Amberno,Rome,Western Europe,Italy,645 G Street,73135
UNDNO,Unda Nono,Rio de Janeiro,South America,Brazil,637 Laurelwood Circle,21403
UCPIA,Ucpurique Ialdant,Bogota,South America,Colombia,10312 Parlett Place,01331
ERAIN,Eratus Inpitum,Madrid,Western Europe,Spain,1428 Flatwood Court,73119
UBLPO,Ublbo Porus,Bogota,South America,Colombia,1709 West Market Street,73162
EXHRE,Exhuctos Rediceva,Paris,Western Europe,France,2362 Acushnet Avenue,94587
UMBEE,Umbelnaram Eecultieo,Brasilia,South America,Brazil,2686 Avery Park Drive,31407
PARUM,Paro Umbysus,Paris,Western Europe,France,1497 Greenbrier Road,85306
ORTUO,Orti Uoma,México D.F.,North America,Mexico,3483 Canyon Creek Drive,05905
VORNA,Vora Naomora,Paris,Western Europe,France,220 Avenue B,94602
ADIUN,Adio Unre,Madrid,Western Europe,Spain,5119 Marla Drive,21403
ULINU,Ulide Nugis,Bogota,South America,Colombia,23622 Greatland Drive,06040
PARRI,Paro Rixta,México D.F.,North America,Mexico,2622 Martin Luther King Junior Boulevard,31406
EMIUS,Emige Usta,Rio de Janeiro,South America,Brazil,8614 Surf Drive,32456
NUDTO,Nudonine Tonti,Brasilia,South America,Brazil,8417 Timothy Lane,31406
PORNO,Porus Notior,Paris,Western Europe,France,15847 West 74th Place,31405
ARTNU,Artes Nunci,Rio de Janeiro,South America,Brazil,8043 Cranberry Street,06042
UEMEP,Uemuniasquu Epulvat,Bogota,South America,Colombia,6108 Iris Way,72703
TUPUU,Tupit Uumit,Rome,Western Europe,Italy,210 Green Road,95820
UMBIN,Umbera Intort,México D.F.,North America,Mexico,2330 39th Street Northwest,02420
DICQU,Dicianti Quentuque,Paris,Western Europe,France,1666 South Summer Rose Avenue,40059
UBRRI,Ubrium Risanttia,Brasilia,South America,Brazil,7350 West Wedington Drive,37211
APUIN,Apulis Intort,Madrid,Western Europe,Spain,3438 Carlton Avenue,31401
OLALA,Olabuctus Latbis,Rome,Western Europe,Italy,4132 Carmichael Road,32404
UDCOR,Udcilunt Orsinectur,Rio de Janeiro,South America,Brazil,7550 Kline Drive,99503
PARLA,Parmata Lavore,Brasilia,South America,Brazil,615 Q Street Northwest,31415
UNSOB,Unssea Obitum,Rome,Western Europe,Italy,200 Hialeah Drive,94538
UDITE,Udisque Teverit,Paris,Western Europe,France,5327 Pierce Street,06040
UVEUN,Uvers Undo,Bogota,South America,Colombia,2209 Florida Avenue,37211
NUGUN,Nugaatur Unbivit,Rome,Western Europe,Italy,1809 U.S. 80,40118
TERDU,Terribus Duberant,México D.F.,North America,Mexico,6740 West Montebello Avenue,06042
RIVAS,Riva Ascelebibus,Bogota,South America,Colombia,962 South Silverado Drive,72703
ARTUN,Artes Unas,Paris,Western Europe,France,521 East 4th Street,94621
ARNUN,Arnem Unee,Brasilia,South America,Brazil,5156 South Dakota Avenue Northeast,36116
UMREX,Umroque Exigoris,Bogota,South America,Colombia,64 Roseberry Circle,95616
PRANO,Praebider Nocigussibus,Bogota,South America,Colombia,80 North East Street,99577
UUTUU,Uutum Uusque,Bogota,South America,Colombia,20370 California 116,73114
OFDUN,Ofdusque Unti,Madrid,Western Europe,Spain,7822 West Peppertree Lane,85308
TAMUE,Tamit Uevae,Bogota,South America,Colombia,620 Veta Avenue,20017
UNENE,Unes Neburca,México D.F.,North America,Mexico,942 Lewis Road,80002
NUBAM,Nubo Amno,Paris,Western Europe,France,38 Bruce Road,80004
ORBUM,Orboxerat Umumum,Bogota,South America,Colombia,7308 Northwest 119th Street,05680
IUSUN,Iussicus Untabii,Brasilia,South America,Brazil,4594 Champagne Drive,20009
URBUR,Urbat Uris,Bogota,South America,Colombia,9 South Pinyon Point,36109
NUXUN,Nuxurit Unti,México D.F.,North America,Mexico,2807 Huxley Place,20020
LATUL,Latigit Uluit,Rio de Janeiro,South America,Brazil,835 Shiloh Court,99508
DAPUB,Daperibus Ublbo,Paris,Western Europe,France,1649 Timberridge Court,31406
URMRO,Urmuntus Rocatet,México D.F.,North America,Mexico,10 Erick Road,72703
OORSU,Oorium Subralus,México D.F.,North America,Mexico,2300 Deer Path Circle,20002
UEQDU,Ueque Duaede,México D.F.,North America,Mexico,50 Winthrop Avenue,40210
EGEUM,Egesundife Umaque,Madrid,Western Europe,Spain,1001 6th Street Northwest,99507
UGENA,Ugerat Navrus,Rio de Janeiro,South America,Brazil,1013 Balboa Avenue,37205
TENUN,Tenugat Uncaa,Rome,Western Europe,Italy,7 River Otter Lane,85340
SUPOR,Supppet Oriqua,Paris,Western Europe,France,1200 S Street,72701
TELNU,Telait Nugatus,Rome,Western Europe,Italy,600 Crosby Boulevard,32405
REVUM,Revlanbet Umgo,Rio de Janeiro,South America,Brazil,6431 Shattuck Avenue,95014
PARUG,Paro Ugro,Rome,Western Europe,Italy,7450 Wade Circle,99503
UNTTI,Untamque Tida,Brasilia,South America,Brazil,19141 Pine Ridge Circle,80004
NOLLE,Nolrio Levictus,Brasilia,South America,Brazil,120 Wells Avenue,72703
ETAUS,Etavriaes Usbent,México D.F.,North America,Mexico,31 Yosemite Avenue,95503
REBDE,Rebenta Desins,Bogota,South America,Colombia,243 Kentucky Avenue,73139
UNINO,Unitur Notum,Paris,Western Europe,France,7609 Doris Place,73120
UNCUM,Uncaa Umres,Bogota,South America,Colombia,3504 Mount View Ridge Drive,85301
PATOR,Patibis Orfernia,Rome,Western Europe,Italy,235 17th Street Southeast,99502
UMAOO,Umadigis Oorium,Brasilia,South America,Brazil,8300 Highway 100,06040
PRATE,Praemvit Terrese,Paris,Western Europe,France,1 Tanaquay Court,31410
USSUS,Ussem Ustegest,Brasilia,South America,Brazil,3919 Landherr Drive,05855
NUOEX,Nuom Excumidia,México D.F.,North America,Mexico,736 Sicard Street Southeast,80004
UUSAR,Uustur Armo,Rio de Janeiro,South America,Brazil,1126 Oates Street Northeast,36111
EDEYV,Edent Yviscix,Bogota,South America,Colombia,2309 Stearns Hill Road,80002
REMLE,Rempe Lecendova,Rome,Western Europe,Italy,1 Logan Circle Northwest,94546
UNMBE,Unmos Bemarsibus,Paris,Western Europe,France,1900 West Virginia Avenue Northeast,31302
TEPUM,Tepumit Umur,México D.F.,North America,Mexico,7030 Cotton Blossom Lane,73114
LOCUX,Loces Uxalat,Rio de Janeiro,South America,Brazil,803 18th Avenue South,80302
NUDOR,Nudidem Orti,Paris,Western Europe,France,9716 South Silver Lake Road,31328
SIGNU,Sigpus Numque,Bogota,South America,Colombia,349 North Sabine Pass Road,21012
ANEOR,Aneribus Origat,Rio de Janeiro,South America,Brazil,201 Lee Boulevard,37215
UMEER,Umerant Erae,Rio de Janeiro,South America,Brazil,126 Garth Road,72703
ULBUR,Ulboque Urxote,Bogota,South America,Colombia,8546 North 59th Lane,40204
LODNO,Lodentumque Nocio,Rio de Janeiro,South America,Brazil,10 Dalry Lane,05491
UDIUM,Udiqua Umboda,Rome,Western Europe,Italy,16 Fuller Street,02532
UGRUN,Ugro Unssea,México D.F.,North America,Mexico,2109 Puddingtons Patent Way,20020
TULUN,Tulaud Unicum,México D.F.,North America,Mexico,1310 Riggs Street Northwest,06040
URCNE,Urcidis Nedent,México D.F.,North America,Mexico,140 South Hill Avenue,99577
TEPEQ,Tepumit Equoca,Rome,Western Europe,Italy,7420 Bearfoot Circle,80004
PENAN,Penera Aneribus,Madrid,Western Europe,Spain,5 Yerxa Road,37205
UMTAU,Umtra Aurubios,Rio de Janeiro,South America,Brazil,135 Pond Road,06042
GEGAM,Gegidive Amae,Madrid,Western Europe,Spain,1 Kelton Court,72701
UMTOR,Umtra Oratum,Bogota,South America,Colombia,2222 Martin Luther King Junior Boulevard,85303
ETCER,Etcemcebili Eriit,Bogota,South America,Colombia,600 West North Street,40212
EXOOS,Exoma Osstis,Rome,Western Europe,Italy,1695 Archer Street,73034
ULIUL,Ulide Ulis,Rio de Janeiro,South America,Brazil,1606 Trevilian Way,01610
TENBU,Tenugat Buxbunt,México D.F.,North America,Mexico,949 South Lawrence Street,20011
INQNU,Inquintam Nuxurit,México D.F.,North America,Mexico,6451 West Bell Road,40243
RECUN,Recundentequ Undavis,Brasilia,South America,Brazil,62 Prospect Avenue,94605
NULUS,Nuliue Usgeele,Rio de Janeiro,South America,Brazil,77 Weaver Road,81526
LACNI,Lacens Nisdus,Rome,Western Europe,Italy,8219 Minor Lane,02149
SUSUC,Susu Ucrum,México D.F.,North America,Mexico,100 Birney Street,80002
PATLE,Patpimis Letas,Paris,Western Europe,France,1642 Fendall Court,94577
TERUG,Terprebemus Ugimas,Bogota,South America,Colombia,521 East 4th Street,06040
URBTE,Urbimisse Tensa,Madrid,Western Europe,Spain,1364 Capri Drive,37211
UURLU,Uuret Lubentis,Rome,Western Europe,Italy,205 North Henderson Bend Road Northwest,20002
TECUR,Tecodque Urcidis,México D.F.,North America,Mexico,202 Deer Run Trail,20724
URATR,Urabatque Triadenta,México D.F.,North America,Mexico,8 Corona Street,31419
AUTTU,Autasta Tuta,Brasilia,South America,Brazil,594 Putnam Avenue,20032
MELUS,Meligique Usmis,Rio de Janeiro,South America,Brazil,1613 Maple Timber Court,99507
NESNR,Nesserat Nruge,Brasilia,South America,Brazil,1636 Church Street Northwest,85303
ORQFO,Orque Fomtinis,Brasilia,South America,Brazil,304 Wilmington Island Road,94542
EFPSU,Efpulitsor Supimer,Madrid,Western Europe,Spain,1363 Dean Forest Road,32404
DUALR,Duaede Lruxque,Paris,Western Europe,France,301 Southeast 37th Street,31302
ONTSE,Ontu Septhint,Paris,Western Europe,France,195 Nursery Street,85306
URITE,Uridus Tetruque,Rio de Janeiro,South America,Brazil,8243 Daniels Purchase Way,80002
PATUN,Patibis Unti,Rome,Western Europe,Italy,19 Heritage,05491
TECRE,Tecatque Resollo,Brasilia,South America,Brazil,5938 Laguna Honda Street,20002
NASUN,Nasuta Unssia,Paris,Western Europe,France,7947 Citadel Drive,72701
REMAU,Rempe Austesa,Brasilia,South America,Brazil,721 South Jackson Street,31415
TULLU,Tulaud Luate,Rome,Western Europe,Italy,7931 West 55th Avenue,94611
OLAOV,Olabuctus Ovima,Rome,Western Europe,Italy,378 Bonny Street,21401
LOTOL,Lotam Olabum,Rome,Western Europe,Italy,419 Wabasso Avenue,20015
UTIRO,Utidera Rocatet,Brasilia,South America,Brazil,981 Groton Long Point Road,37138
UDOEB,Udoram Ebitida,México D.F.,North America,Mexico,115 Maple Street,06340
NONDO,Nontorus Dontae,Brasilia,South America,Brazil,1699 Chatham Parkway,99508
NUGAM,Nugaatur Amberno,Madrid,Western Europe,Spain,24 Haven Drive,40203
NUTUL,Nuto Ulide,Paris,Western Europe,France,276 Adams Street,31401
ULVSU,Ulvo Sulnnt,Madrid,Western Europe,Spain,8391 West 52nd Avenue,72704
UBBUT,Ubbebit Utus,Brasilia,South America,Brazil,4439 Gale Street,05201
TUBEP,Tubeta Epiteraque,Rome,Western Europe,Italy,150 Meadowview Street,36117
ULLDO,Ullam Domaranto,México D.F.,North America,Mexico,21950 Arnold Center Road,80002
UOVUN,Uoven Untabii,Rio de Janeiro,South America,Brazil,105 Bear Creek Parkway,92027
NABUD,Nabuis Udisque,Paris,Western Europe,France,2527 Lisenby Avenue,36117
PALLA,Palerbum Lancenta,Madrid,Western Europe,Spain,2631 Northrup Place,85301
TECUS,Tecfus Usso,Madrid,Western Europe,Spain,40 Highwood Drive,40211
NULEU,Nule Eufit,México D.F.,North America,Mexico,9904 Daniel Drive,02747
EXFUM,Exfes Ummaent,Bogota,South America,Colombia,1427 H Street,37115
UMQMA,Umquyes Massram,Paris,Western Europe,France,619 West 19th Avenue,21060
UXARU,Uxalat Ruoram,Paris,Western Europe,France,7809 Highway 2302,02532
ELUUM,Elut Umum,México D.F.,North America,Mexico,4601 Reka Drive,94530
URBIM,Urbada Imna,Rome,Western Europe,Italy,415 West 42nd Street,99507
ULLUU,Ullluud Uusto,México D.F.,North America,Mexico,235 Brock Bridge Road,99516
AMABR,Amandix Braadebat,Madrid,Western Europe,Spain,6985 Woodstock Road,02186
AMNUB,Amno Ubos,Bogota,South America,Colombia,17722 North 79th Avenue,85340
NIMUR,Nima Uras,Rome,Western Europe,Italy,525 Middle Turnpike West,20009
NULEX,Nullo Exigoris,México D.F.,North America,Mexico,4316 Dover Road,01085
ETUNU,Etuleris Nuorum,Rome,Western Europe,Italy,2643 North Sierra Avenue,31407
NUGEX,Nugatam Exoma,Paris,Western Europe,France,8915 Shevie Drive,01940
POTIN,Potat Inquintam,Rio de Janeiro,South America,Brazil,1300 Lemos Lane,21401
UMBDO,Umbilus Dolibis,Bogota,South America,Colombia,604 Northwest 118th Street,32408
NANLU,Nanidio Luate,México D.F.,North America,Mexico,22572 Toreador Drive,05001
LANEX,Lancenta Excoqueribus,Madrid,Western Europe,Spain,1261 Steamboat Drive,01201
QUEER,Quentuque Erebat,México D.F.,North America,Mexico,2027 North Shannon Drive,21409
USMNO,Usmabiss Nostas,Bogota,South America,Colombia,1030 Shawnee Street,73106
DONUE,Dontae Ueque,Madrid,Western Europe,Spain,8752 Pierce Way,99567
REDNU,Rediceva Nule,Madrid,Western Europe,Spain,6703 Bluffview Circle,31401
NILUL,Nilecte Ulcyssis,Paris,Western Europe,France,5264 Shafter Avenue,01949
ESUUD,Esupida Udbo,Rio de Janeiro,South America,Brazil,841 Whittier Hill Road,95666
NUOTE,Nuorum Tetpit,Brasilia,South America,Brazil,1421 Floral Street Northwest,36108
UTIRE,Utidera Relia,Paris,Western Europe,France,370 Wallace Road,85308
UNTLA,Untis Lafor,México D.F.,North America,Mexico,100 Lake Forest Drive,99508
BEMLI,Bemarsibus Limer,Rio de Janeiro,South America,Brazil,1797 Pasatiempo Drive,40243
UMUTE,Umum Terprebemus,Madrid,Western Europe,Spain,4717 Forest Hills Drive,36108
UCRUE,Ucrum Uevae,Rio de Janeiro,South America,Brazil,51 Edgar Road,80003
NUTNE,Nutuique Necitis,Madrid,Western Europe,Spain,2399 East 14th Street,21409
PERPO,Percubisme Pontos,Brasilia,South America,Brazil,19803 North Mitkof Loop,31419
IULUN,Iulum Unco,Brasilia,South America,Brazil,23 Cove Drive,40241
UMBEQ,Umbos Equidis,Brasilia,South America,Brazil,3345 Archie Watkins Road,37076
USTAL,Ustegest Alem,Paris,Western Europe,France,69 Washington Street,94703
TETDI,Tetpiae Dicor,Madrid,Western Europe,Spain,8595 West 81st Drive,73008
OLAEX,Olabum Exstrintunt,Madrid,Western Europe,Spain,25 Edwards Street,85304
NROUM,Nroxuri Umuris,México D.F.,North America,Mexico,96 Green Manor Road,32456
NITBU,Nituit Buim,Rio de Janeiro,South America,Brazil,7030 West Krall Street,32408
UOVUS,Uoven Useris,Brasilia,South America,Brazil,18 Curry Lane,37205
TIGAC,Tigios Acpumina,Paris,Western Europe,France,115 Wells Street,05403
IALAR,Ialdant Arulgem,Bogota,South America,Colombia,173 Center Street,99504
TETPA,Tetruque Pater,Brasilia,South America,Brazil,62 High Street,21061
NUTUD,Nutis Udra,Paris,Western Europe,France,713 Ringgold Drive,21144
NRANL,Nramem Nliadibus,Brasilia,South America,Brazil,2708 Mabel Street,85301
USUUM,Usus Umum,Rio de Janeiro,South America,Brazil,5912 North 48th Avenue,06040
UDOUR,Udoram Ureque,Paris,Western Europe,France,351 Porter Street,37218
UNTIE,Unto Ienesfaa,Rome,Western Europe,Italy,145 Great Western Road,32405
USBLA,Usbent Latigit,Rio de Janeiro,South America,Brazil,307 Joel Street,21122
UBBUN,Ubbebit Untonibua,Bogota,South America,Colombia,115 Saint John Street,36117
OLAYV,Olabuctus Yviscix,Paris,Western Europe,France,19 Keyes Drive,31415
LIQIA,Liquit Iavlas,Paris,Western Europe,France,1915 Dean Forest Road,80003
FADLO,Fadarebibus Lonata,Brasilia,South America,Brazil,106 Parker Parkway,20007
EXIPR,Exigoris Praebider,Bogota,South America,Colombia,7947 Citadel Drive,80002
UDBUN,Udbo Unite,Bogota,South America,Colombia,2613 Southeast 50th Street,06042
UDOIL,Udonus Ilnobie,Bogota,South America,Colombia,584 Westford Street,92869
LACAD,Lachidi Adio,Bogota,South America,Colombia,812 Southwest 151st Street,31322
AQUUS,Aquabis Useram,Paris,Western Europe,France,600 12th Avenue South,06042
UBMNU,Ubmis Nudidem,Bogota,South America,Colombia,2817 3rd Street,36108
PORAL,Porbem Alem,Rome,Western Europe,Italy,1010 M Street Northwest,02571
NUBNO,Nubiat Nodisore,Paris,Western Europe,France,182 Irving Street,06040
RIVUG,Riva Ugbias,Paris,Western Europe,France,16772 West 70th Avenue,85308
CYLIG,Cylhema Igbus,Brasilia,South America,Brazil,615 Florida Avenue,32404
UBIUN,Ubidu Unta,Rome,Western Europe,Italy,202 Pepperbush Road,80003
USBER,Usbumque Erne,Paris,Western Europe,France,1983 Reidsville Street,06040
PORUN,Porbem Unpraa,Brasilia,South America,Brazil,1938 Arcadian Street,01719
NUMAU,Numque Austos,Madrid,Western Europe,Spain,1310 Riggs Street Northwest,99507
ULUAP,Uluit Apor,Paris,Western Europe,France,3901 Old Seward Highway,01085
NPUUU,Npunt Uusque,Bogota,South America,Colombia,2643 North Sierra Avenue,92344
ORITO,Oribus Tonti,Brasilia,South America,Brazil,4188 Summerview Drive,31405
UTIAN,Utiaque Ansevit,Bogota,South America,Colombia,962 South Silverado Drive,73116
ESCNO,Escigaa Notado,Paris,Western Europe,France,13 Breezy Palm Way,99508
UNTPA,Unta Pandaitum,Paris,Western Europe,France,6870 West 52nd Avenue,21012
CUEEF,Cuenas Efururae,Rome,Western Europe,Italy,539 Palermo Road,21403
LICNI,Licede Nituit,Brasilia,South America,Brazil,6221 Allison Street,01719
EXCNI,Excoqueribus Nidlet,Rome,Western Europe,Italy,5706 Worchester Drive,20020
PASAP,Passri Aper,Bogota,South America,Colombia,7 Maple Hill Road,72701
UUMAE,Uumit Aeti,Brasilia,South America,Brazil,540 East Appleby Road,85310
UDCOX,Udcilunt Oxperet,México D.F.,North America,Mexico,3808 Richland Avenue,94578
NUVAN,Nuver Anstimipa,Rio de Janeiro,South America,Brazil,122 40th Avenue North,20003
ANTDO,Antum Dontae,Bogota,South America,Colombia,841 Whittier Hill Road,20020
UEMUM,Uemuniasquu Umboda,Madrid,Western Europe,Spain,4319 West Claremont Street,94536
IPPTE,Ippatat Tecatque,Bogota,South America,Colombia,125 Summer Street,73034
UPROD,Upri Odas,Rio de Janeiro,South America,Brazil,5788 Cane Ridge Road,37076
NERAM,Nerbuntur Amno,Bogota,South America,Colombia,95 Claiborne Street,85306
UNGOR,Ungo Orque,Paris,Western Europe,France,11256 Palos Verdes Court,80007
